process,version,name,nameDiff,mandatory,mandatoryDiff,range,rangeDiff,default,defaultDiff,description,descriptionDiff
Zabbix server,4.0,AlertScriptsPath,match,no,match,,match,/usr/local/share/zabbix/alertscripts,match,Location of custom alert scripts (depends on compile-time installation variable <em>datadir</em>).,match
Zabbix server,4.0,AllowRoot,match,no,match,,match,0,match,"Allow the server to run as 'root'. If disabled and the server is started by 'root', the server will try to switch to the 'zabbix' user instead. Has no effect if started under a regular user.<br>0 - do not allow<br>1 - allow<br>This parameter is supported since Zabbix 2.2.0.",match
Zabbix server,4.0,CacheSize,match,no,match,128K-64G,match,8M,match,"Size of configuration cache, in bytes.<br>Shared memory size for storing host, item and trigger data.<br>The maximum value of this parameter was increased from 8GB to 64GB in Zabbix 4.0.21.",match
Zabbix server,4.0,CacheUpdateFrequency,match,no,match,1-3600,match,60,match,"How often Zabbix will perform update of configuration cache, in seconds.<br>See also runtime control options.",match
Zabbix server,4.0,DBHost,match,no,match,,match,localhost,match,Database host name.<br>In case of MySQL localhost or empty string results in using a socket. In case of PostgreSQL<br>only empty string results in attempt to use socket.,match
Zabbix server,4.0,DBName,match,yes,match,,match,,match,Database name.,match
Zabbix server,4.0,DBPassword,match,no,match,,match,,match,Database password.<br>Comment this line if no password is used.,match
Zabbix server,4.0,DBPort,match,no,match,1024-65535,match,,match,Database port when not using local socket.,match
Zabbix server,4.0,DBSchema,match,no,match,,match,,match,Schema name. Used for IBM DB2 and PostgreSQL.,match
Zabbix server,4.0,DBSocket,match,no,match,,match,,match,Path to MySQL socket file.,match
Zabbix server,4.0,DBUser,match,no,match,,match,,match,Database user.,match
Zabbix server,4.0,DebugLevel,match,no,match,0-5,match,3,match,Specifies debug level:<br>0 - basic information about starting and stopping of Zabbix processes<br>1 - critical information<br>2 - error information<br>3 - warnings<br>4 - for debugging (produces lots of information)<br>5 - extended debugging (produces even more information)<br>See also runtime control options.,match
Zabbix server,4.0,ExportDir,match,no,match,,match,,match,"Directory for real-time export of events, history and trends in newline-delimited JSON format. If set, enables real-time export.<br>This parameter is supported since Zabbix 4.0.0.",match
Zabbix server,4.0,ExportFileSize,match,no,match,1M-1G,match,1G,match,Maximum size per export file in bytes. Only used for rotation if ExportDir is set.<br>This parameter is supported since Zabbix 4.0.0.,match
Zabbix server,4.0,ExternalScripts,match,no,match,,match,/usr/local/share/zabbix/externalscripts,match,Location of external scripts (depends on compile-time installation variable <em>datadir</em>).,match
Zabbix server,4.0,Fping6Location,match,no,match,,match,/usr/sbin/fping6,match,"Location of fping6.<br>Make sure that fping6 binary has root ownership and SUID flag set.<br>Make empty (""Fping6Location="") if your fping utility is capable to process IPv6 addresses.",match
Zabbix server,4.0,FpingLocation,match,no,match,,match,/usr/sbin/fping,match,Location of fping.<br>Make sure that fping binary has root ownership and SUID flag set!,match
Zabbix server,4.0,HistoryCacheSize,match,no,match,128K-2G,match,16M,match,"Size of history cache, in bytes.<br>Shared memory size for storing history data.",match
Zabbix server,4.0,HistoryIndexCacheSize,match,no,match,128K-2G,match,4M,match,"Size of history index cache, in bytes.<br>Shared memory size for indexing history data stored in history cache.<br>The index cache size needs roughly 100 bytes to cache one item.<br>This parameter is supported since Zabbix 3.0.0.",match
Zabbix server,4.0,HistoryStorageDateIndex,match,no,match,,match,0,match,Enable preprocessing of history values in history storage to store values in different indices based on date:<br>0 - disable<br>1 - enable,match
Zabbix server,4.0,HistoryStorageURL,match,no,match,,match,,match,History storage HTTP[S] URL.<br>This parameter is used for Elasticsearch setup.,match
Zabbix server,4.0,HistoryStorageTypes,match,no,match,,match,"uint,dbl,str,log,text",match,Comma separated list of value types to be sent to the history storage.<br>This parameter is used for Elasticsearch setup.,match
Zabbix server,4.0,HousekeepingFrequency,match,no,match,0-24,match,1,match,"How often Zabbix will perform housekeeping procedure (in hours).<br>Housekeeping is removing outdated information from the database.<br><em>Note</em>: To prevent housekeeper from being overloaded (for example, when history and trend periods are greatly reduced), no more than 4 times HousekeepingFrequency hours of outdated information are deleted in one housekeeping cycle, for each item. Thus, if HousekeepingFrequency is 1, no more than 4 hours of outdated information (starting from the oldest entry) will be deleted per cycle.<br><em>Note</em>: To lower load on server startup housekeeping is postponed for 30 minutes after server start. Thus, if HousekeepingFrequency is 1, the very first housekeeping procedure after server start will run after 30 minutes, and will repeat with one hour delay thereafter. This postponing behavior is in place since Zabbix 2.4.0.<br>Since Zabbix 3.0.0 it is possible to disable automatic housekeeping by setting HousekeepingFrequency to 0. In this case the housekeeping procedure can only be started by <em>housekeeper_execute</em> runtime control option and the period of outdated information deleted in one housekeeping cycle is 4 times the period since the last housekeeping cycle, but not less than 4 hours and not greater than 4 days.<br>See also runtime control options.",match
Zabbix server,4.0,Include,match,no,match,,match,,match,"You may include individual files or all files in a directory in the configuration file.<br>To only include relevant files in the specified directory, the asterisk wildcard character is supported for pattern matching. For example: <code>/absolute/path/to/config/files/*.conf</code>. Pattern matching is supported since Zabbix 2.4.0.<br>See special notes about limitations.",match
Zabbix server,4.0,JavaGateway,match,no,match,,match,,match,IP address (or hostname) of Zabbix Java gateway.<br>Only required if Java pollers are started.<br>This parameter is supported since Zabbix 2.0.0.,match
Zabbix server,4.0,JavaGatewayPort,match,no,match,1024-32767,match,10052,match,Port that Zabbix Java gateway listens on.<br>This parameter is supported since Zabbix 2.0.0.,match
Zabbix server,4.0,ListenIP,match,no,match,,match,0.0.0.0,match,List of comma delimited IP addresses that the trapper should listen on.<br>Trapper will listen on all network interfaces if this parameter is missing.<br>Multiple IP addresses are supported since Zabbix 1.8.3.,match
Zabbix server,4.0,ListenPort,match,no,match,1024-32767,match,10051,match,Listen port for trapper.,match
Zabbix server,4.0,LoadModule,match,no,match,,match,,match,Module to load at server startup. Modules are used to extend functionality of the server.<br>Formats:<br>LoadModule=&lt;module.so&gt;<br>LoadModule=&lt;path/module.so&gt;<br>(since 4.0.9) LoadModule=&lt;/abs_path/module.so&gt;<br>Either the module must be located in directory specified by LoadModulePath or (since 4.0.9) the path must precede the module name. If the preceding path is absolute (starts with '/') then LoadModulePath is ignored.<br>It is allowed to include multiple LoadModule parameters.,match
Zabbix server,4.0,LoadModulePath,match,no,match,,match,,match,Full path to location of server modules.<br>Default depends on compilation options.,match
Zabbix server,4.0,LogFile,match,"yes, if LogType is set to <em>file</em>, otherwise<br>no",match,,match,,match,Name of log file.,match
Zabbix server,4.0,LogFileSize,match,no,match,0-1024,match,1,match,"Maximum size of log file in MB.<br>0 - disable automatic log rotation.<br><em>Note</em>: If the log file size limit is reached and file rotation fails, for whatever reason, the existing log file is truncated and started anew.",match
Zabbix server,4.0,LogType,match,no,match,,match,file,match,"Log output type:<br><em>file</em> - write log to file specified by LogFile parameter,<br><em>system</em> - write log to syslog,<br><em>console</em> - write log to standard output.<br>This parameter is supported since Zabbix 3.0.0.",match
Zabbix server,4.0,LogSlowQueries,match,no,match,0-3600000,match,0,match,How long a database query may take before being logged (in milliseconds).<br>0 - don't log slow queries.<br>This option becomes enabled starting with DebugLevel=3.<br>This parameter is supported since Zabbix 1.8.2.,match
Zabbix server,4.0,MaxHousekeeperDelete,match,no,match,0-1000000,match,5000,match,"No more than 'MaxHousekeeperDelete' rows (corresponding to [tablename], [field], [value]) will be deleted per one task in one housekeeping cycle.<br>If set to 0 then no limit is used at all. In this case you must know what you are doing, so as not to overload the database! <strong><sup>2</sup></strong><br>This parameter is supported since Zabbix 1.8.2 and applies only to deleting history and trends of already deleted items.",match
Zabbix server,4.0,PidFile,match,no,match,,match,/tmp/zabbix_server.pid,match,Name of PID file.,match
Zabbix server,4.0,ProxyConfigFrequency,match,no,match,1-604800,match,3600,match,How often Zabbix server sends configuration data to a Zabbix proxy in seconds. Used only for proxies in a passive mode.<br>This parameter is supported since Zabbix 1.8.3.,match
Zabbix server,4.0,ProxyDataFrequency,match,no,match,1-3600,match,1,match,How often Zabbix server requests history data from a Zabbix proxy in seconds. Used only for proxies in a passive mode.<br>This parameter is supported since Zabbix 1.8.3.,match
Zabbix server,4.0,SNMPTrapperFile,match,no,match,,match,/tmp/zabbix_traps.tmp,match,Temporary file used for passing data from SNMP trap daemon to the server.<br>Must be the same as in zabbix_trap_receiver.pl or SNMPTT configuration file.<br>This parameter is supported since Zabbix 2.0.0.,match
Zabbix server,4.0,SocketDir,match,no,match,,match,/tmp,match,Directory to store IPC sockets used by internal Zabbix services.<br>This parameter is supported since Zabbix 3.4.0.,match
Zabbix server,4.0,SourceIP,match,no,match,,match,,match,"Source IP address for:<br>- outgoing connections to Zabbix proxy and Zabbix agent;<br>- agentless connections (VMware, SSH, JMX, SNMP, Telnet and simple checks);<br>- HTTP agent connections;<br>- sending notification emails (connections to SMTP server)",match
Zabbix server,4.0,SSHKeyLocation,match,no,match,,match,,match,Location of public and private keys for SSH checks and actions,match
Zabbix server,4.0,SSLCertLocation,match,no,match,,match,,match,Location of SSL client certificate files for client authentication.<br>This parameter is used in web monitoring only and is supported since Zabbix 2.4.,match
Zabbix server,4.0,SSLKeyLocation,match,no,match,,match,,match,Location of SSL private key files for client authentication.<br>This parameter is used in web monitoring only and is supported since Zabbix 2.4.,match
Zabbix server,4.0,SSLCALocation,match,no,match,,match,,match,"Override the location of certificate authority (CA) files for SSL server certificate verification. If not set, system-wide directory will be used.<br>Note that the value of this parameter will be set as libcurl option CURLOPT_CAPATH. For libcurl versions before 7.42.0, this only has effect if libcurl was compiled to use OpenSSL. For more information see cURL web page.<br>This parameter is used in web monitoring since Zabbix 2.4.0 and in SMTP authentication since Zabbix 3.0.0.",match
Zabbix server,4.0,StartDBSyncers,match,no,match,1-100,match,4,match,Number of pre-forked instances of DB Syncers.<br>The upper limit used to be 64 before version 1.8.5.<br>This parameter is supported since Zabbix 1.8.3.,match
Zabbix server,4.0,StartAlerters,match,no,match,1-100,match,3,match,Number of pre-forked instances of alerters.<br>This parameter is supported since Zabbix 3.4.0.,match
Zabbix server,4.0,StartDiscoverers,match,no,match,0-250,match,1,match,Number of pre-forked instances of discoverers.<br>The upper limit used to be 255 before version 1.8.5.,match
Zabbix server,4.0,StartEscalators,match,no,match,1-100,match,1,match,Number of pre-forked instances of escalators.<br>This parameter is supported since Zabbix 3.0.0.,match
Zabbix server,4.0,StartHTTPPollers,match,no,match,0-1000,match,1,match,Number of pre-forked instances of HTTP pollers<strong><sup>1</sup></strong>.<br>The upper limit used to be 255 before version 1.8.5.,match
Zabbix server,4.0,StartIPMIPollers,match,no,match,0-1000,match,0,match,Number of pre-forked instances of IPMI pollers.<br>The upper limit used to be 255 before version 1.8.5.,match
Zabbix server,4.0,StartJavaPollers,match,no,match,0-1000,match,0,match,Number of pre-forked instances of Java pollers<strong><sup>1</sup></strong>.<br>This parameter is supported since Zabbix 2.0.0.,match
Zabbix server,4.0,StartPingers,match,no,match,0-1000,match,1,match,Number of pre-forked instances of ICMP pingers<strong><sup>1</sup></strong>.<br>The upper limit used to be 255 before version 1.8.5.,match
Zabbix server,4.0,StartPollersUnreachable,match,no,match,0-1000,match,1,match,"Number of pre-forked instances of pollers for unreachable hosts (including IPMI and Java)<strong><sup>1</sup></strong>.<br>Since Zabbix 2.4.0, at least one poller for unreachable hosts must be running if regular, IPMI or Java pollers are started.<br>The upper limit used to be 255 before version 1.8.5.<br>This option is missing in version 1.8.3.",match
Zabbix server,4.0,StartPollers,match,no,match,0-1000,match,5,match,"Number of pre-forked instances of pollers<strong><sup>1</sup></strong>.<br><em>Note</em> that a non-zero value is required for internal, aggregated and calculated items to work.",match
Zabbix server,4.0,StartPreprocessors,match,no,match,1-1000,match,3,match,Number of pre-forked instances of preprocessing workers<strong><sup>1</sup></strong>.<br>The preprocessing manager process is automatically started when a preprocessor worker is started.<br>This parameter is supported since Zabbix 3.4.0.,match
Zabbix server,4.0,StartProxyPollers,match,no,match,0-250,match,1,match,Number of pre-forked instances of pollers for passive proxies<strong><sup>1</sup></strong>.<br>The upper limit used to be 255 before version 1.8.5.<br>This parameter is supported since Zabbix 1.8.3.,match
Zabbix server,4.0,StartSNMPTrapper,match,no,match,0-1,match,0,match,"If set to 1, SNMP trapper process will be started.<br>This parameter is supported since Zabbix 2.0.0.",match
Zabbix server,4.0,StartTimers,match,no,match,1-1000,match,1,match,Number of pre-forked instances of timers.<br>Timers process maintenance periods.<br>This parameter is supported since Zabbix 2.2.0.,match
Zabbix server,4.0,StartTrappers,match,no,match,0-1000,match,5,match,"Number of pre-forked instances of trappers<strong><sup>1</sup></strong>.<br>Trappers accept incoming connections from Zabbix sender, active agents and active proxies.<br>At least one trapper process must be running to display server availability and view queue in the frontend.<br>The upper limit used to be 255 before version 1.8.5.",match
Zabbix server,4.0,StartVMwareCollectors,match,no,match,0-250,match,0,match,Number of pre-forked vmware collector instances.<br>This parameter is supported since Zabbix 2.2.0.,match
Zabbix server,4.0,StatsAllowedIP,match,no,match,,match,,match,"List of comma delimited IP addresses, optionally in CIDR notation, or DNS names of external Zabbix instances. Stats request will be accepted only from the addresses listed here. If this parameter is not set no stats requests will be accepted.<br>If IPv6 support is enabled then '127.0.0.1', '::127.0.0.1', '::ffff:127.0.0.1' are treated equally and '::/0' will allow any IPv4 or IPv6 address. '0.0.0.0/0' can be used to allow any IPv4 address.<br>Example: StatsAllowedIP=127.0.0.1,192.168.1.0/24,::1,2001:db8::/32,zabbix.example.com<br>This parameter is supported since Zabbix 4.0.5.",match
Zabbix server,4.0,Timeout,match,no,match,1-30,match,3,match,"Specifies how long we wait for agent, SNMP device or external check (in seconds).",match
Zabbix server,4.0,TLSCAFile,match,no,match,,match,,match,"Full pathname of a file containing the top-level CA(s) certificates for peer certificate verification, used for encrypted communications between Zabbix components.<br>This parameter is supported since Zabbix 3.0.0.",match
Zabbix server,4.0,TLSCertFile,match,no,match,,match,,match,"Full pathname of a file containing the server certificate or certificate chain, used for encrypted communications between Zabbix components.<br>This parameter is supported since Zabbix 3.0.0.",match
Zabbix server,4.0,TLSCipherAll,match,no,match,,match,,match,GnuTLS priority string or OpenSSL (TLS 1.2) cipher string. Override the default ciphersuite selection criteria for certificate- and PSK-based encryption.<br>Example: TLS_AES_256_GCM_SHA384:TLS_CHACHA20_POLY1305_SHA256:TLS_AES_128_GCM_SHA256<br>This parameter is supported since Zabbix 4.0.19.,match
Zabbix server,4.0,TLSCipherAll13,match,no,match,,match,,match,Cipher string for OpenSSL 1.1.1 or newer in TLS 1.3. Override the default ciphersuite selection criteria for certificate- and PSK-based encryption.<br>Example for GnuTLS: NONE:+VERS-TLS1.2:+ECDHE-RSA:+RSA:+ECDHE-PSK:+PSK:+AES-128-GCM:+AES-128-CBC:+AEAD:+SHA256:+SHA1:+CURVE-ALL:+COMP-NULL::+SIGN-ALL:+CTYPE-X.509<br>Example for OpenSSL: EECDH+aRSA+AES128:RSA+aRSA+AES128:kECDHEPSK+AES128:kPSK+AES128<br>This parameter is supported since Zabbix 4.0.19.,match
Zabbix server,4.0,TLSCipherCert,match,no,match,,match,,match,GnuTLS priority string or OpenSSL (TLS 1.2) cipher string. Override the default ciphersuite selection criteria for certificate-based encryption.<br>Example for GnuTLS: NONE:+VERS-TLS1.2:+ECDHE-RSA:+RSA:+AES-128-GCM:+AES-128-CBC:+AEAD:+SHA256:+SHA1:+CURVE-ALL:+COMP-NULL:+SIGN-ALL:+CTYPE-X.509<br>Example for OpenSSL: EECDH+aRSA+AES128:RSA+aRSA+AES128<br>This parameter is supported since Zabbix 4.0.19.,match
Zabbix server,4.0,TLSCipherCert13,match,no,match,,match,,match,Cipher string for OpenSSL 1.1.1 or newer in TLS 1.3. Override the default ciphersuite selection criteria for certificate-based encryption.<br>This parameter is supported since Zabbix 4.0.19.,match
Zabbix server,4.0,TLSCipherPSK,match,no,match,,match,,match,GnuTLS priority string or OpenSSL (TLS 1.2) cipher string. Override the default ciphersuite selection criteria for PSK-based encryption.<br>Example for GnuTLS: NONE:+VERS-TLS1.2:+ECDHE-PSK:+PSK:+AES-128-GCM:+AES-128-CBC:+AEAD:+SHA256:+SHA1:+CURVE-ALL:+COMP-NULL:+SIGN-ALL<br>Example for OpenSSL: kECDHEPSK+AES128:kPSK+AES128<br>This parameter is supported since Zabbix 4.0.19.,match
Zabbix server,4.0,TLSCipherPSK13,match,no,match,,match,,match,Cipher string for OpenSSL 1.1.1 or newer in TLS 1.3. Override the default ciphersuite selection criteria for PSK-based encryption.<br>Example: TLS_CHACHA20_POLY1305_SHA256:TLS_AES_128_GCM_SHA256<br>This parameter is supported since Zabbix 4.0.19.,match
Zabbix server,4.0,TLSCRLFile,match,no,match,,match,,match,Full pathname of a file containing revoked certificates. This parameter is used for encrypted communications between Zabbix components.<br>This parameter is supported since Zabbix 3.0.0.,match
Zabbix server,4.0,TLSKeyFile,match,no,match,,match,,match,"Full pathname of a file containing the server private key, used for encrypted communications between Zabbix components.<br>This parameter is supported since Zabbix 3.0.0.",match
Zabbix server,4.0,TmpDir,match,no,match,,match,/tmp,match,Temporary directory.,match
Zabbix server,4.0,TrapperTimeout,match,no,match,1-300,match,300,match,Specifies how many seconds trapper may spend processing new data.,match
Zabbix server,4.0,TrendCacheSize,match,no,match,128K-2G,match,4M,match,"Size of trend cache, in bytes.<br>Shared memory size for storing trends data.",match
Zabbix server,4.0,UnavailableDelay,match,no,match,1-3600,match,60,match,"How often host is checked for availability during the unavailability period, in seconds.",match
Zabbix server,4.0,UnreachableDelay,match,no,match,1-3600,match,15,match,"How often host is checked for availability during the unreachability period, in seconds.",match
Zabbix server,4.0,UnreachablePeriod,match,no,match,1-3600,match,45,match,After how many seconds of unreachability treat a host as unavailable.,match
Zabbix server,4.0,User,match,no,match,,match,zabbix,match,"Drop privileges to a specific, existing user on the system.<br>Only has effect if run as 'root' and AllowRoot is disabled.<br>This parameter is supported since Zabbix 2.4.0.",match
Zabbix server,4.0,ValueCacheSize,match,no,match,"0,128K-64G",match,8M,match,"Size of history value cache, in bytes.<br>Shared memory size for caching item history data requests.<br>Setting to 0 disables value cache (not recommended).<br>When value cache runs out of the shared memory a warning message is written to the server log every 5 minutes.<br>This parameter is supported since Zabbix 2.2.0.",match
Zabbix server,4.0,VMwareCacheSize,match,no,match,256K-2G,match,8M,match,"Shared memory size for storing VMware data.<br>A VMware internal check zabbix[vmware,buffer,...] can be used to monitor the VMware cache usage (see Internal checks).<br>Note that shared memory is not allocated if there are no vmware collector instances configured to start.<br>This parameter is supported since Zabbix 2.2.0.",match
Zabbix server,4.0,VMwareFrequency,match,no,match,10-86400,match,60,match,Delay in seconds between data gathering from a single VMware service.<br>This delay should be set to the least update interval of any VMware monitoring item.<br>This parameter is supported since Zabbix 2.2.0.,match
Zabbix server,4.0,VMwarePerfFrequency,match,no,match,10-86400,match,60,match,"Delay in seconds between performance counter statistics retrieval from a single VMware service.<br>This delay should be set to the least update interval of any VMware monitoring item that uses VMware performance counters.<br>This parameter is supported since Zabbix 2.2.9, 2.4.4",match
Zabbix server,4.0,VMwareTimeout,match,no,match,1-300,match,10,match,"The maximum number of seconds vmware collector will wait for a response from VMware service (vCenter or ESX hypervisor).<br>This parameter is supported since Zabbix 2.2.9, 2.4.4",match
